{
    "_custom_": true, 
    "_ref_": 134265020, 
    "attach_models": [
        {
            "cast_shadow": true, 
            "material_alpha": 0, 
            "material_change": 0, 
            "material_color": {
                "__tuple__": true, 
                "items": [
                    255, 
                    255, 
                    255
                ]
            }, 
            "material_color_intensity": 0, 
            "model": 205112, 
            "offset": {
                "__tuple__": true, 
                "items": [
                    -0.0801544189453125, 
                    9.579400062561035, 
                    -0.25280284881591797
                ]
            }, 
            "receive_decal": false, 
            "rotate": {
                "__tuple__": true, 
                "items": [
                    -3.417174842195971e-14, 
                    16.28000156848557, 
                    0.0000020137847617504125
                ]
            }, 
            "scale": {
                "__tuple__": true, 
                "items": [
                    0.9999999810117726, 
                    1.0000000000000004, 
                    0.9999999810117719
                ]
            }, 
            "use_physics": false
        }, 
        {
            "cast_shadow": true, 
            "material_alpha": 0, 
            "material_change": 0, 
            "material_color": {
                "__tuple__": true, 
                "items": [
                    255, 
                    255, 
                    255
                ]
            }, 
            "material_color_intensity": 0, 
            "model": 205117, 
            "offset": {
                "__tuple__": true, 
                "items": [
                    0.22315406799316406, 
                    14.733000755310059, 
                    0.7432985305786133
                ]
            }, 
            "receive_decal": false, 
            "rotate": {
                "__tuple__": true, 
                "items": [
                    -1.5554894780332918e-14, 
                    16.3325678817725, 
                    0.0000020137847166355815
                ]
            }, 
            "scale": {
                "__tuple__": true, 
                "items": [
                    1.000000028652974, 
                    1.0000000000000004, 
                    1.0000000286529733
                ]
            }, 
            "use_physics": false
        }, 
        {
            "cast_shadow": true, 
            "material_alpha": 0, 
            "material_change": 0, 
            "material_color": {
                "__tuple__": true, 
                "items": [
                    255, 
                    255, 
                    255
                ]
            }, 
            "material_color_intensity": 0, 
            "model": 205109, 
            "offset": {
                "__tuple__": true, 
                "items": [
                    -0.7766609191894531, 
                    12.630001068115234, 
                    -0.034331321716308594
                ]
            }, 
            "receive_decal": false, 
            "rotate": {
                "__tuple__": true, 
                "items": [
                    0.0, 
                    -73.74923953682544, 
                    0.0
                ]
            }, 
            "scale": {
                "__tuple__": true, 
                "items": [
                    1.0000000207446023, 
                    1.0, 
                    1.0000000207446023
                ]
            }, 
            "use_physics": false
        }, 
        {
            "cast_shadow": true, 
            "material_alpha": 0, 
            "material_change": 0, 
            "material_color": {
                "__tuple__": true, 
                "items": [
                    255, 
                    255, 
                    255
                ]
            }, 
            "material_color_intensity": 0, 
            "model": 205109, 
            "offset": {
                "__tuple__": true, 
                "items": [
                    0.6336612701416016, 
                    12.630001068115234, 
                    -0.4561643600463867
                ]
            }, 
            "receive_decal": false, 
            "rotate": {
                "__tuple__": true, 
                "items": [
                    0.0, 
                    103.15362255913305, 
                    0.0
                ]
            }, 
            "scale": {
                "__tuple__": true, 
                "items": [
                    1.0000000272073346, 
                    1.0, 
                    1.0000000272073346
                ]
            }, 
            "use_physics": false
        }
    ], 
    "base_color_mod": 1, 
    "base_tint_color": {
        "__tuple__": true, 
        "items": [
            255, 
            255, 
            255, 
            0.5
        ]
    }, 
    "cast_shadow": true, 
    "collision_box": {
        "__tuple__": true, 
        "items": [
            [
                -5, 
                5
            ], 
            [
                -5, 
                -5
            ], 
            [
                5, 
                -5
            ], 
            [
                5, 
                5
            ]
        ]
    }, 
    "collision_height": {
        "__tuple__": true, 
        "items": []
    }, 
    "collision_points": {
        "__tuple__": true, 
        "items": [
            [
                -2, 
                -2
            ], 
            [
                1, 
                1
            ], 
            0
        ]
    }, 
    "description": -327951603, 
    "effect_list": [], 
    "enable_occlusion_perspective": false, 
    "fresnel_color": [
        255, 
        0, 
        0, 
        1
    ], 
    "fresnel_emissive_color_strength": 0, 
    "fresnel_exp": 1, 
    "icon": 100000, 
    "key": 134265020, 
    "kv": {}, 
    "material_alpha": 0, 
    "material_change": 0, 
    "material_color": {
        "__tuple__": true, 
        "items": [
            255, 
            255, 
            255
        ]
    }, 
    "material_color_intensity": 0, 
    "model": 103014, 
    "model_opacity": 1, 
    "name": 366846002, 
    "receive_decal": false, 
    "scale": 1.0, 
    "suffix": "", 
    "tags": {
        "__tuple__": true, 
        "items": []
    }, 
    "uid": "134265020", 
    "use_base_tint_color": false, 
    "use_fresnel": false, 
    "use_physics": false
}