{
    "_custom_": true, 
    "_ref_": 134276094, 
    "attach_models": [
        {
            "cast_shadow": true, 
            "material_alpha": 0, 
            "material_change": 0, 
            "material_color": {
                "__tuple__": true, 
                "items": [
                    255, 
                    255, 
                    255
                ]
            }, 
            "material_color_intensity": 0, 
            "model": 205109, 
            "offset": {
                "__tuple__": true, 
                "items": [
                    0.1646747589111328, 
                    12.504799842834473, 
                    -0.5489730834960938
                ]
            }, 
            "receive_decal": false, 
            "rotate": {
                "__tuple__": true, 
                "items": [
                    8.678837604311082e-14, 
                    108.65386707456469, 
                    0.000002013784642634483
                ]
            }, 
            "scale": {
                "__tuple__": true, 
                "items": [
                    1.0000000175214105, 
                    1.0000000000000007, 
                    1.0000000175214099
                ]
            }, 
            "use_physics": false
        }, 
        {
            "cast_shadow": true, 
            "material_alpha": 0, 
            "material_change": 0, 
            "material_color": {
                "__tuple__": true, 
                "items": [
                    255, 
                    255, 
                    255
                ]
            }, 
            "material_color_intensity": 0, 
            "model": 205117, 
            "offset": {
                "__tuple__": true, 
                "items": [
                    -0.1646747589111328, 
                    14.73900032043457, 
                    0.5489730834960938
                ]
            }, 
            "receive_decal": false, 
            "rotate": {
                "__tuple__": true, 
                "items": [
                    1.947602210328411e-15, 
                    22.129135700731972, 
                    0.0000020137847555062402
                ]
            }, 
            "scale": {
                "__tuple__": true, 
                "items": [
                    1.1000000472936151, 
                    1.0000000000000007, 
                    1.1000000472936144
                ]
            }, 
            "use_physics": false
        }
    ], 
    "base_color_mod": 1, 
    "base_tint_color": {
        "__tuple__": true, 
        "items": [
            255, 
            255, 
            255, 
            0.5
        ]
    }, 
    "cast_shadow": true, 
    "collision_box": {
        "__tuple__": true, 
        "items": [
            [
                -5, 
                5
            ], 
            [
                -5, 
                -5
            ], 
            [
                5, 
                -5
            ], 
            [
                5, 
                5
            ]
        ]
    }, 
    "collision_height": {
        "__tuple__": true, 
        "items": []
    }, 
    "collision_points": {
        "__tuple__": true, 
        "items": [
            [
                -2, 
                -2
            ], 
            [
                1, 
                1
            ], 
            0
        ]
    }, 
    "description": 2028505143, 
    "effect_list": [], 
    "enable_occlusion_perspective": false, 
    "fresnel_color": [
        255, 
        0, 
        0, 
        1
    ], 
    "fresnel_emissive_color_strength": 0, 
    "fresnel_exp": 1, 
    "icon": 100000, 
    "key": 134276094, 
    "kv": {}, 
    "material_alpha": 0, 
    "material_change": 0, 
    "material_color": {
        "__tuple__": true, 
        "items": [
            255, 
            255, 
            255
        ]
    }, 
    "material_color_intensity": 0, 
    "model": 103014, 
    "model_opacity": 1, 
    "name": 224350270, 
    "receive_decal": false, 
    "scale": 1.0, 
    "suffix": "", 
    "tags": {
        "__tuple__": true, 
        "items": []
    }, 
    "uid": "134276094", 
    "use_base_tint_color": false, 
    "use_fresnel": false, 
    "use_physics": false
}