{
    "_custom_": true, 
    "_ref_": 134278548, 
    "attach_models": [
        {
            "cast_shadow": true, 
            "material_alpha": 0, 
            "material_change": 0, 
            "material_color": {
                "__tuple__": true, 
                "items": [
                    255, 
                    255, 
                    255
                ]
            }, 
            "material_color_intensity": 0, 
            "model": 205109, 
            "offset": {
                "__tuple__": true, 
                "items": [
                    -0.7279497782389299, 
                    12.504799842834473, 
                    -0.039806365966796875
                ]
            }, 
            "receive_decal": false, 
            "rotate": {
                "__tuple__": true, 
                "items": [
                    0.0, 
                    -66.5214634392383, 
                    0.0
                ]
            }, 
            "scale": {
                "__tuple__": true, 
                "items": [
                    0.9999999787404497, 
                    1.0, 
                    0.9999999787404497
                ]
            }, 
            "use_physics": false
        }, 
        {
            "cast_shadow": true, 
            "material_alpha": 0, 
            "material_change": 0, 
            "material_color": {
                "__tuple__": true, 
                "items": [
                    255, 
                    255, 
                    255
                ]
            }, 
            "material_color_intensity": 0, 
            "model": 205109, 
            "offset": {
                "__tuple__": true, 
                "items": [
                    0.4877866109212263, 
                    12.504799842834473, 
                    -0.5011177062988281
                ]
            }, 
            "receive_decal": false, 
            "rotate": {
                "__tuple__": true, 
                "items": [
                    -1.2755165802003986e-13, 
                    106.19504654290962, 
                    0.0000020137847875281573
                ]
            }, 
            "scale": {
                "__tuple__": true, 
                "items": [
                    0.9999999696030263, 
                    1.0000000000000004, 
                    0.9999999696030257
                ]
            }, 
            "use_physics": false
        }, 
        {
            "cast_shadow": true, 
            "material_alpha": 0, 
            "material_change": 0, 
            "material_color": {
                "__tuple__": true, 
                "items": [
                    255, 
                    255, 
                    255
                ]
            }, 
            "material_color_intensity": 0, 
            "model": 205117, 
            "offset": {
                "__tuple__": true, 
                "items": [
                    0.2401631673177107, 
                    14.739700317382812, 
                    0.540924072265625
                ]
            }, 
            "receive_decal": false, 
            "rotate": {
                "__tuple__": true, 
                "items": [
                    -5.806023310477948e-14, 
                    17.17861525363734, 
                    0.0000020137850152942885
                ]
            }, 
            "scale": {
                "__tuple__": true, 
                "items": [
                    0.9999999890267569, 
                    1.0000000000000004, 
                    0.9999999890267562
                ]
            }, 
            "use_physics": false
        }
    ], 
    "base_color_mod": 1, 
    "base_tint_color": {
        "__tuple__": true, 
        "items": [
            255, 
            255, 
            255, 
            0.5
        ]
    }, 
    "cast_shadow": true, 
    "collision_box": {
        "__tuple__": true, 
        "items": [
            [
                -5, 
                5
            ], 
            [
                -5, 
                -5
            ], 
            [
                5, 
                -5
            ], 
            [
                5, 
                5
            ]
        ]
    }, 
    "collision_height": {
        "__tuple__": true, 
        "items": []
    }, 
    "collision_points": {
        "__tuple__": true, 
        "items": [
            [
                -2, 
                -2
            ], 
            [
                1, 
                1
            ], 
            0
        ]
    }, 
    "description": -1208297351, 
    "effect_list": [], 
    "enable_occlusion_perspective": false, 
    "fresnel_color": [
        255, 
        0, 
        0, 
        1
    ], 
    "fresnel_emissive_color_strength": 0, 
    "fresnel_exp": 1, 
    "icon": 100000, 
    "key": 134278548, 
    "kv": {}, 
    "material_alpha": 0, 
    "material_change": 0, 
    "material_color": {
        "__tuple__": true, 
        "items": [
            255, 
            255, 
            255
        ]
    }, 
    "material_color_intensity": 0, 
    "model": 103014, 
    "model_opacity": 1, 
    "name": -1778165879, 
    "receive_decal": false, 
    "scale": 1.0, 
    "suffix": "", 
    "tags": {
        "__tuple__": true, 
        "items": []
    }, 
    "uid": "134278548", 
    "use_base_tint_color": false, 
    "use_fresnel": false, 
    "use_physics": false
}